{
    "classification_report": {
        "0": {
            "precision": 0.8441558441558441,
            "recall": 0.9285714285714286,
            "f1-score": 0.8843537414965986,
            "support": 70.0
        },
        "1": {
            "precision": 0.9137931034482759,
            "recall": 0.8153846153846154,
            "f1-score": 0.8617886178861789,
            "support": 65.0
        },
        "accuracy": 0.8740740740740741,
        "macro avg": {
            "precision": 0.87897447380206,
            "recall": 0.871978021978022,
            "f1-score": 0.8730711796913888,
            "support": 135.0
        },
        "weighted avg": {
            "precision": 0.8776848949262743,
            "recall": 0.8740740740740741,
            "f1-score": 0.8734890523508411,
            "support": 135.0
        }
    },
    "confusion_matrix": [
        [
            65,
            5
        ],
        [
            12,
            53
        ]
    ],
    "probabilities_summary": {
        "mean": 0.47659653425216675,
        "std": 0.3064224421977997,
        "min": 0.08311047405004501,
        "max": 0.9628106951713562
    }
}