{
    "Adequacy": 0.0,
    "Squamocolumnar junction visibility": 0.8795779347419739,
    "Transformation zone": 0.00012505054473876953,
    "Original squamous epithelium": 5.459785461425781e-05,
    "Columnar epithelium": 3.36766242980957e-05,
    "Metaplastic squamous epithelium": 2.086162567138672e-05,
    "Location of the lesion": 4.172325134277344e-07,
    "Grade 1": 7.635354995727539e-05,
    "Grade 2": 1.436471939086914e-05,
    "Suspicious for invasion": 4.392862319946289e-05,
    "Aceto uptake": 0.0020315051078796387,
    "Margins": 0.000538170337677002,
    "Vessels": 1.6510486602783203e-05,
    "Lesion size": 1.6748905181884766e-05,
    "Iodine uptake": 1.2755393981933594e-05,
    "SwedeFinal": 0.00017970800399780273
}