{
    "sample_id": 41,
    "feature_importance": {
        "Adequacy": 0.0,
        "Squamocolumnar junction visibility": 0.010412752628326416,
        "Transformation zone": 0.01626056432723999,
        "Original squamous epithelium": 0.0021144747734069824,
        "Columnar epithelium": 0.0035066604614257812,
        "Metaplastic squamous epithelium": 3.4928321838378906e-05,
        "Location of the lesion": 0.0005453824996948242,
        "Grade 1": 0.0024312734603881836,
        "Grade 2": 0.0009542703628540039,
        "Suspicious for invasion": 0.0008431077003479004,
        "Aceto uptake": 0.1497948169708252,
        "Margins": 0.004155337810516357,
        "Vessels": 0.0026848316192626953,
        "Lesion size": 0.002782881259918213,
        "Iodine uptake": 0.0018110275268554688,
        "SwedeFinal": 0.00463414192199707
    },
    "uncertainty": {
        "mean_prediction": 0.9729495823383332,
        "uncertainty": 0.01460079774314856,
        "confidence_interval": [
            0.9437479868520361,
            1.0021511778246304
        ]
    }
}