{
    "sample_id": 88,
    "feature_importance": {
        "Adequacy": 0.0,
        "Squamocolumnar junction visibility": 0.0007319659925997257,
        "Transformation zone": 0.003872737754136324,
        "Original squamous epithelium": 0.000454331049695611,
        "Columnar epithelium": 0.003011878114193678,
        "Metaplastic squamous epithelium": 0.0001084872055798769,
        "Location of the lesion": 0.0001337036956101656,
        "Grade 1": 0.0004185477737337351,
        "Grade 2": 9.264540858566761e-05,
        "Suspicious for invasion": 0.00010826741345226765,
        "Aceto uptake": 0.00019693328067660332,
        "Margins": 0.0009870664216578007,
        "Vessels": 0.007447630167007446,
        "Lesion size": 0.0004673129878938198,
        "Iodine uptake": 0.0007062752265483141,
        "SwedeFinal": 0.0023136697709560394
    },
    "uncertainty": {
        "mean_prediction": 0.005144454527180642,
        "uncertainty": 0.003919163704118611,
        "confidence_interval": [
            -0.002693872881056581,
            0.012982781935417863
        ]
    }
}