{
    "patient_id": 9,
    "prediction": 0.9996833801269531,
    "feature_scores": {
        "Adequacy": 0.0,
        "Squamocolumnar junction visibility": 2.9863969554036647,
        "Transformation zone": 1.3533859391942147,
        "Original squamous epithelium": 0.2978416985906348,
        "Columnar epithelium": -0.3535533905932741,
        "Metaplastic squamous epithelium": -0.29694750580154516,
        "Location of the lesion": 0.16484511834894658,
        "Grade 1": 0.12262786789699281,
        "Grade 2": 0.03254722774520584,
        "Suspicious for invasion": -0.19611613513818388,
        "Aceto uptake": -0.9951908700216247,
        "Margins": 0.43429951810769013,
        "Vessels": -1.0373418492890423,
        "Lesion size": -1.6851272210223482,
        "Iodine uptake": 0.30897474620873044,
        "SwedeFinal": -0.5087082786588998
    },
    "anomalous_features": [
        "Squamocolumnar junction visibility"
    ]
}