{
    "timestamp": "2025-01-27T15:14:10.481319",
    "prediction_results": {
        "prediction": 0.4709157943725586,
        "uncertainties": [
            0.014048008376099892
        ],
        "batch_statistics": {
            "mean_prediction": 0.4709157943725586,
            "mean_uncertainty": 0.014048008376099892,
            "high_uncertainty_rate": 0.0,
            "high_risk_rate": 0.45925925925925926
        }
    },
    "clinical_metrics": {
        "diagnostic_metrics": {
            "sensitivity": 0.9692307692307692,
            "specificity": 1.0,
            "ppv": 1.0,
            "npv": 0.9722222222222222,
            "plr": Infinity,
            "nlr": 0.03076923076923077,
            "accuracy": 0.9851851851851852,
            "f1_score": 0.984375
        },
        "risk_metrics": {
            "risk_ratio": 39.07747268676758,
            "odds_ratio": 2080381.0,
            "confidence_intervals": {
                "level": 0.95,
                "lower": 38.144836760950795,
                "upper": 40.01010861258436
            }
        },
        "clinical_thresholds": {
            "optimal_threshold": 0.33213818073272705,
            "screening_threshold": 0.33213818073272705,
            "confirmation_threshold": 0.13818778097629547
        },
        "uncertainty_metrics": {
            "mean_confidence": 0.9445870518684387,
            "confidence_std": 0.12979428470134735,
            "mean_entropy": 0.12918879091739655,
            "high_uncertainty_ratio": 0.022222222222222223
        }
    },
    "validation_results": {
        "safety_metrics": {
            "false_negative_rate": 0.2817558299039781,
            "missed_diagnosis_risk": 0.03076923076923077,
            "safety_threshold_compliance": 0.4148148148148148
        },
        "subgroup_analysis": {},
        "error_analysis": {
            "false_positives": {
                "count": 0,
                "mean_confidence": 0.0,
                "indices": []
            },
            "false_negatives": {
                "count": 2,
                "mean_confidence": 0.7740065455436707,
                "indices": [
                    40,
                    128
                ]
            },
            "error_rate": 0.014814814814814815,
            "threshold_analysis": {
                "threshold_0.1": {
                    "false_positives": 4,
                    "false_negatives": 0,
                    "total_errors": 4
                },
                "threshold_0.2": {
                    "false_positives": 1,
                    "false_negatives": 1,
                    "total_errors": 2
                },
                "threshold_0.3": {
                    "false_positives": 1,
                    "false_negatives": 1,
                    "total_errors": 2
                },
                "threshold_0.4": {
                    "false_positives": 0,
                    "false_negatives": 2,
                    "total_errors": 2
                },
                "threshold_0.5": {
                    "false_positives": 0,
                    "false_negatives": 2,
                    "total_errors": 2
                },
                "threshold_0.6": {
                    "false_positives": 0,
                    "false_negatives": 3,
                    "total_errors": 3
                },
                "threshold_0.7": {
                    "false_positives": 0,
                    "false_negatives": 3,
                    "total_errors": 3
                },
                "threshold_0.8": {
                    "false_positives": 0,
                    "false_negatives": 4,
                    "total_errors": 4
                },
                "threshold_0.9": {
                    "false_positives": 0,
                    "false_negatives": 6,
                    "total_errors": 6
                }
            }
        },
        "validation_status": {
            "status": "FAILED",
            "criteria_results": {
                "false_negative_rate": false,
                "missed_diagnosis_risk": false,
                "safety_compliance": false
            }
        }
    }
}