{
    "test_metrics": {
        "loss": 0.20569899678230286,
        "compile_metrics": 0.9185185432434082
    },
    "best_hyperparameters": {
        "learning_rate": 0.001,
        "batch_size": 16,
        "dropout_rate": 0.3
    },
    "training_history": {
        "accuracy": [
            0.5933014154434204,
            0.8389154672622681,
            0.8819776773452759,
            0.89952152967453,
            0.9090909361839294,
            0.920255184173584,
            0.9282296895980835,
            0.9409888386726379,
            0.9521530866622925,
            0.9665071964263916
        ],
        "val_accuracy": [
            0.6791045069694519,
            0.8283582329750061,
            0.8432835936546326,
            0.8805969953536987,
            0.858208954334259,
            0.8731343150138855,
            0.9029850959777832,
            0.888059675693512,
            0.9029850959777832,
            0.8283582329750061
        ],
        "loss": [
            0.6630828976631165,
            0.40923216938972473,
            0.3159119486808777,
            0.2699064016342163,
            0.2388908416032791,
            0.21052488684654236,
            0.1607084572315216,
            0.1599578857421875,
            0.12586836516857147,
            0.09933362901210785
        ],
        "val_loss": [
            0.5665639638900757,
            0.3812163174152374,
            0.3352743685245514,
            0.3639039099216461,
            0.2876049876213074,
            0.2668149769306183,
            0.22706522047519684,
            0.24510398507118225,
            0.22948311269283295,
            0.3233831524848938
        ]
    }
}