{
    "sample_id": 118,
    "feature_importance": {
        "Adequacy": 0.0,
        "Squamocolumnar junction visibility": 0.007768303155899048,
        "Transformation zone": 0.014775976538658142,
        "Original squamous epithelium": 0.0029821693897247314,
        "Columnar epithelium": 0.027472645044326782,
        "Metaplastic squamous epithelium": 0.002794608473777771,
        "Location of the lesion": 0.000783964991569519,
        "Grade 1": 0.000460207462310791,
        "Grade 2": 0.0005238950252532959,
        "Suspicious for invasion": 0.0014469921588897705,
        "Aceto uptake": 0.007490009069442749,
        "Margins": 0.008562833070755005,
        "Vessels": 0.018891632556915283,
        "Lesion size": 0.0013629049062728882,
        "Iodine uptake": 0.0023591816425323486,
        "SwedeFinal": 0.007929518818855286
    },
    "uncertainty": {
        "mean_prediction": 0.3241834580898285,
        "uncertainty": 0.03827557224933258,
        "confidence_interval": [
            0.24763231359116333,
            0.4007346025884937
        ]
    }
}