{
    "sample_id": 85,
    "feature_importance": {
        "Adequacy": 0.0,
        "Squamocolumnar junction visibility": 0.011470377445220947,
        "Transformation zone": 0.03540849685668945,
        "Original squamous epithelium": 0.006954669952392578,
        "Columnar epithelium": 0.0016245841979980469,
        "Metaplastic squamous epithelium": 0.0011081695556640625,
        "Location of the lesion": 0.0004792213439941406,
        "Grade 1": 0.0043811798095703125,
        "Grade 2": 0.000110626220703125,
        "Suspicious for invasion": 0.0021550655364990234,
        "Aceto uptake": 0.15946078300476074,
        "Margins": 0.023339271545410156,
        "Vessels": 0.012865006923675537,
        "Lesion size": 0.08526211977005005,
        "Iodine uptake": 0.013139069080352783,
        "SwedeFinal": 0.004499971866607666
    },
    "uncertainty": {
        "mean_prediction": 0.7451190710067749,
        "uncertainty": 0.03623159585709675,
        "confidence_interval": [
            0.6726558792925814,
            0.8175822627209683
        ]
    }
}