{
    "sample_id": 11,
    "feature_importance": {
        "Adequacy": 0.0,
        "Squamocolumnar junction visibility": 0.019020795822143555,
        "Transformation zone": 0.07725822925567627,
        "Original squamous epithelium": 0.004820823669433594,
        "Columnar epithelium": 0.00408858060836792,
        "Metaplastic squamous epithelium": 0.000880122184753418,
        "Location of the lesion": 0.023088037967681885,
        "Grade 1": 0.0020116567611694336,
        "Grade 2": 0.0003288388252258301,
        "Suspicious for invasion": 0.08276814222335815,
        "Aceto uptake": 0.0518803596496582,
        "Margins": 0.006975233554840088,
        "Vessels": 0.002299487590789795,
        "Lesion size": 0.03750002384185791,
        "Iodine uptake": 0.02004307508468628,
        "SwedeFinal": 0.018099188804626465
    },
    "uncertainty": {
        "mean_prediction": 0.9015290856361389,
        "uncertainty": 0.02214632952977428,
        "confidence_interval": [
            0.8572364265765903,
            0.9458217446956875
        ]
    }
}