{
    "sample_id": 48,
    "feature_importance": {
        "Adequacy": 0.0,
        "Squamocolumnar junction visibility": 0.05419844388961792,
        "Transformation zone": 0.04795640707015991,
        "Original squamous epithelium": 0.00040477514266967773,
        "Columnar epithelium": 0.0008540153503417969,
        "Metaplastic squamous epithelium": 0.0014200806617736816,
        "Location of the lesion": 0.0009602904319763184,
        "Grade 1": 0.0009832382202148438,
        "Grade 2": 3.993511199951172e-05,
        "Suspicious for invasion": 0.0018050074577331543,
        "Aceto uptake": 0.03617805242538452,
        "Margins": 0.005222618579864502,
        "Vessels": 0.0036602020263671875,
        "Lesion size": 0.010180532932281494,
        "Iodine uptake": 0.0039678215980529785,
        "SwedeFinal": 0.0017856359481811523
    },
    "uncertainty": {
        "mean_prediction": 0.9332698523998261,
        "uncertainty": 0.022617256710246215,
        "confidence_interval": [
            0.8880353389793336,
            0.9785043658203185
        ]
    }
}