{
    "iteration": 1,
    "metrics": {
        "val_accuracy": 0.8134328126907349,
        "val_loss": 0.3917328417301178
    },
    "parameters": {
        "learning_rate": 0.001,
        "batch_size": 16,
        "dropout_rate": 0.2
    },
    "timestamp": "2025-01-27 07:51:46.683267"
}