{
    "test_metrics": {
        "loss": 0.05211697518825531,
        "compile_metrics": 0.9851852059364319
    },
    "best_hyperparameters": {
        "learning_rate": 0.001,
        "batch_size": 16,
        "dropout_rate": 0.2
    },
    "training_history": {
        "accuracy": [
            0.6427432298660278,
            0.8437001705169678,
            0.8883572816848755,
            0.89952152967453,
            0.8979266285896301,
            0.9074960350990295,
            0.9154704809188843,
            0.9250398874282837,
            0.9298245906829834,
            0.9314194321632385
        ],
        "val_accuracy": [
            0.7686567306518555,
            0.8805969953536987,
            0.888059675693512,
            0.89552241563797,
            0.9029850959777832,
            0.9104477763175964,
            0.9328358173370361,
            0.9477611780166626,
            0.9626865386962891,
            0.9477611780166626
        ],
        "loss": [
            0.6450278162956238,
            0.36713436245918274,
            0.3157082796096802,
            0.30375516414642334,
            0.2785060703754425,
            0.2495127171278,
            0.22860422730445862,
            0.20099124312400818,
            0.1756300926208496,
            0.18704482913017273
        ],
        "val_loss": [
            0.47854533791542053,
            0.32555755972862244,
            0.2822206914424896,
            0.24552395939826965,
            0.22671255469322205,
            0.18771892786026,
            0.1485692411661148,
            0.12772832810878754,
            0.11352112889289856,
            0.12104327976703644
        ]
    }
}