{
    "clinical_metrics": {
        "diagnostic_metrics": {
            "sensitivity": 0.9846153846153847,
            "specificity": 0.6285714285714286,
            "ppv": 0.7111111111111111,
            "npv": 0.9777777777777777,
            "plr": 2.6508875739644973,
            "nlr": 0.02447552447552439,
            "accuracy": 0.8,
            "f1_score": 0.8258064516129032
        },
        "risk_metrics": {
            "risk_ratio": 1.8406323194503784,
            "odds_ratio": 9.937546730041504,
            "confidence_intervals": {
                "level": 0.95,
                "lower": 1.3481730878783673,
                "upper": 2.3330915510223895
            }
        },
        "clinical_thresholds": {
            "optimal_threshold": 0.6653467416763306,
            "screening_threshold": 0.6653467416763306,
            "confirmation_threshold": 0.8636770844459534
        },
        "uncertainty_metrics": {
            "mean_confidence": 0.5154691338539124,
            "confidence_std": 0.33289292454719543,
            "mean_entropy": 0.680157482624054,
            "high_uncertainty_ratio": 0.4666666666666667
        }
    },
    "validation_results": {
        "safety_metrics": {
            "false_negative_rate": 0.3887517146776406,
            "missed_diagnosis_risk": 0.015384615384615385,
            "safety_threshold_compliance": 0.1925925925925926
        },
        "subgroup_analysis": {},
        "error_analysis": {
            "false_positives": {
                "count": 26,
                "mean_confidence": 0.6557372808456421,
                "indices": [
                    3,
                    7,
                    14,
                    15,
                    31,
                    36,
                    38,
                    42,
                    44,
                    52,
                    58,
                    68,
                    74,
                    75,
                    79,
                    90,
                    99,
                    102,
                    109,
                    113,
                    122,
                    124,
                    126,
                    127,
                    132,
                    134
                ]
            },
            "false_negatives": {
                "count": 1,
                "mean_confidence": 0.6524285078048706,
                "indices": [
                    40
                ]
            },
            "error_rate": 0.2,
            "threshold_analysis": {
                "threshold_0.1": {
                    "false_positives": 70,
                    "false_negatives": 0,
                    "total_errors": 70
                },
                "threshold_0.2": {
                    "false_positives": 68,
                    "false_negatives": 0,
                    "total_errors": 68
                },
                "threshold_0.3": {
                    "false_positives": 61,
                    "false_negatives": 0,
                    "total_errors": 61
                },
                "threshold_0.4": {
                    "false_positives": 50,
                    "false_negatives": 1,
                    "total_errors": 51
                },
                "threshold_0.5": {
                    "false_positives": 26,
                    "false_negatives": 1,
                    "total_errors": 27
                },
                "threshold_0.6": {
                    "false_positives": 12,
                    "false_negatives": 2,
                    "total_errors": 14
                },
                "threshold_0.7": {
                    "false_positives": 11,
                    "false_negatives": 7,
                    "total_errors": 18
                },
                "threshold_0.8": {
                    "false_positives": 4,
                    "false_negatives": 9,
                    "total_errors": 13
                },
                "threshold_0.9": {
                    "false_positives": 1,
                    "false_negatives": 25,
                    "total_errors": 26
                }
            }
        },
        "validation_status": {
            "status": "FAILED",
            "criteria_results": {
                "false_negative_rate": false,
                "missed_diagnosis_risk": false,
                "safety_compliance": false
            }
        }
    },
    "safety_alerts": [],
    "batch_statistics": {
        "mean_prediction": 0.6760690212249756,
        "mean_uncertainty": 0.035370342370604956,
        "high_uncertainty_rate": 0.0,
        "high_risk_rate": 0.5111111111111111
    }
}