{
    "classification_report": {
        "0": {
            "precision": 0.9672131147540983,
            "recall": 0.8428571428571429,
            "f1-score": 0.9007633587786259,
            "support": 70.0
        },
        "1": {
            "precision": 0.8513513513513513,
            "recall": 0.9692307692307692,
            "f1-score": 0.9064748201438849,
            "support": 65.0
        },
        "accuracy": 0.9037037037037037,
        "macro avg": {
            "precision": 0.9092822330527248,
            "recall": 0.906043956043956,
            "f1-score": 0.9036190894612555,
            "support": 135.0
        },
        "weighted avg": {
            "precision": 0.9114278212638868,
            "recall": 0.9037037037037037,
            "f1-score": 0.9035133216581951,
            "support": 135.0
        }
    },
    "confusion_matrix": [
        [
            59,
            11
        ],
        [
            2,
            63
        ]
    ],
    "probabilities_summary": {
        "mean": 0.5970671772956848,
        "std": 0.28642112016677856,
        "min": 0.10023447126150131,
        "max": 0.9621704816818237
    },
    "advanced_metrics": {
        "f1_score": 0.9064748201438849,
        "matthews_corrcoef": 0.8153197582476038,
        "cohen_kappa": 0.8080918534718425,
        "average_precision": 0.9609238037770491
    }
}