{
    "Adequacy": 0.0,
    "Squamocolumnar junction visibility": 0.19687628746032715,
    "Transformation zone": 0.12015879154205322,
    "Original squamous epithelium": 0.00670933723449707,
    "Columnar epithelium": 0.0063738226890563965,
    "Metaplastic squamous epithelium": 0.005954623222351074,
    "Location of the lesion": 0.004034876823425293,
    "Grade 1": 0.0025559663772583008,
    "Grade 2": 0.0010539889335632324,
    "Suspicious for invasion": 0.001650094985961914,
    "Aceto uptake": 0.0387037992477417,
    "Margins": 0.0025827884674072266,
    "Vessels": 0.021285176277160645,
    "Lesion size": 0.05836445093154907,
    "Iodine uptake": 0.0013027191162109375,
    "SwedeFinal": 0.012279629707336426
}