{
    "iteration": 1,
    "metrics": {
        "val_accuracy": 0.8432835936546326,
        "val_loss": 0.4109429717063904
    },
    "parameters": {
        "learning_rate": 0.001,
        "batch_size": 16,
        "dropout_rate": 0.2
    },
    "timestamp": "2025-01-27 07:37:52.791068"
}