{
    "overall_improvement": {
        "val_accuracies": [
            0.888059675693512,
            0.9029850959777832,
            0.89552241563797,
            0.8656716346740723,
            0.7388059496879578,
            0.6567164063453674,
            0.7686567306518555,
            0.6791045069694519
        ],
        "val_losses": [
            0.23434866964817047,
            0.22706522047519684,
            0.24128592014312744,
            0.29321038722991943,
            0.5673540830612183,
            0.6093851327896118,
            0.5872042775154114,
            0.6260626912117004
        ],
        "training_times": [
            191.18158054351807,
            197.6619200706482,
            215.75095009803772,
            224.88656520843506,
            209.09353733062744,
            194.42553114891052,
            210.64893651008606,
            225.06960105895996
        ],
        "initial_accuracy": 0.888059675693512,
        "final_accuracy": 0.6791045069694519,
        "total_iterations": 8
    },
    "best_performance": {
        "best_accuracy": 0.9029850959777832,
        "best_iteration": 1,
        "corresponding_hyperparameters": {
            "learning_rate": 0.001,
            "batch_size": 16,
            "dropout_rate": 0.3
        }
    },
    "metrics_summary": {
        "precision": {
            "max": 0.9933333396911621,
            "mean": 0.9848794192075729
        },
        "recall": {
            "max": 0.9900332093238831,
            "mean": 0.9788205847144127
        },
        "auc": {
            "max": 0.9996381998062134,
            "mean": 0.9973720088601112
        }
    }
}