{
    "test_metrics": {
        "loss": 0.06224948167800903,
        "compile_metrics": 0.9777777791023254
    },
    "best_hyperparameters": {
        "learning_rate": 0.001,
        "batch_size": 16,
        "dropout_rate": 0.2
    },
    "training_history": {
        "accuracy": [
            0.6443381309509277,
            0.8341307640075684,
            0.8851674795150757,
            0.8979266285896301,
            0.89952152967453,
            0.9074960350990295,
            0.9059011340141296,
            0.920255184173584,
            0.920255184173584,
            0.9362041354179382
        ],
        "val_accuracy": [
            0.7686567306518555,
            0.8507462739944458,
            0.888059675693512,
            0.9179104566574097,
            0.9029850959777832,
            0.9179104566574097,
            0.9402984976768494,
            0.9402984976768494,
            0.9626865386962891,
            0.9402984976768494
        ],
        "loss": [
            0.6344151496887207,
            0.3966291546821594,
            0.32469475269317627,
            0.29521188139915466,
            0.26613232493400574,
            0.25475752353668213,
            0.24045349657535553,
            0.22156691551208496,
            0.22470195591449738,
            0.1851554811000824
        ],
        "val_loss": [
            0.5088127255439758,
            0.3371281325817108,
            0.2824215590953827,
            0.2389909029006958,
            0.22998294234275818,
            0.1946159154176712,
            0.1721533238887787,
            0.17276398837566376,
            0.13715483248233795,
            0.12732084095478058
        ]
    }
}