{
    "Adequacy": 0.0,
    "Squamocolumnar junction visibility": 0.245061993598938,
    "Transformation zone": 0.00040984153747558594,
    "Original squamous epithelium": 1.8656253814697266e-05,
    "Columnar epithelium": 6.03795051574707e-05,
    "Metaplastic squamous epithelium": 0.00013935565948486328,
    "Location of the lesion": 8.195638656616211e-05,
    "Grade 1": 7.081031799316406e-05,
    "Grade 2": 2.384185791015625e-05,
    "Suspicious for invasion": 0.0001474618911743164,
    "Aceto uptake": 0.008008241653442383,
    "Margins": 0.0009765028953552246,
    "Vessels": 0.0007237792015075684,
    "Lesion size": 0.0006195306777954102,
    "Iodine uptake": 0.00010216236114501953,
    "SwedeFinal": 0.00036704540252685547
}