{
    "sample_id": 84,
    "feature_importance": {
        "Adequacy": 0.0,
        "Squamocolumnar junction visibility": 0.00040841102600097656,
        "Transformation zone": 0.000292360782623291,
        "Original squamous epithelium": 4.7087669372558594e-05,
        "Columnar epithelium": 5.644559860229492e-05,
        "Metaplastic squamous epithelium": 1.3530254364013672e-05,
        "Location of the lesion": 9.715557098388672e-06,
        "Grade 1": 3.427267074584961e-05,
        "Grade 2": 7.212162017822266e-06,
        "Suspicious for invasion": 3.534555435180664e-05,
        "Aceto uptake": 0.012786507606506348,
        "Margins": 0.00031071901321411133,
        "Vessels": 1.1920928955078125e-07,
        "Lesion size": 4.0411949157714844e-05,
        "Iodine uptake": 0.00012177228927612305,
        "SwedeFinal": 0.005916118621826172
    },
    "uncertainty": {
        "mean_prediction": 0.9994436621665954,
        "uncertainty": 0.0007158577480631483,
        "confidence_interval": [
            0.9980119466704691,
            1.0008753776627217
        ]
    }
}