{
    "patient_id": 120,
    "prediction": 0.004466569051146507,
    "feature_scores": {
        "Adequacy": 0.0,
        "Squamocolumnar junction visibility": -0.6457074498170088,
        "Transformation zone": -0.8747494485035775,
        "Original squamous epithelium": 0.2978416985906348,
        "Columnar epithelium": 2.8284271247461903,
        "Metaplastic squamous epithelium": 1.8129426669989064,
        "Location of the lesion": 0.16484511834894658,
        "Grade 1": 0.12262786789699281,
        "Grade 2": 0.03254722774520584,
        "Suspicious for invasion": -0.19611613513818388,
        "Aceto uptake": 0.4651435588144554,
        "Margins": -1.0690449676496983,
        "Vessels": 1.3981564055634923,
        "Lesion size": -0.3146924328415229,
        "Iodine uptake": -1.7766047907002,
        "SwedeFinal": -0.680766017861713
    },
    "anomalous_features": [
        "Columnar epithelium"
    ]
}