{
    "patient_id": 62,
    "prediction": 0.012121448293328285,
    "feature_scores": {
        "Adequacy": 0.0,
        "Squamocolumnar junction visibility": -0.6457074498170088,
        "Transformation zone": -0.8747494485035775,
        "Original squamous epithelium": 0.2978416985906348,
        "Columnar epithelium": 2.8284271247461903,
        "Metaplastic squamous epithelium": 3.922832839799358,
        "Location of the lesion": 0.16484511834894658,
        "Grade 1": 0.12262786789699281,
        "Grade 2": 0.03254722774520584,
        "Suspicious for invasion": -0.19611613513818388,
        "Aceto uptake": 0.4651435588144554,
        "Margins": -1.0690449676496983,
        "Vessels": -1.0373418492890423,
        "Lesion size": -0.3146924328415229,
        "Iodine uptake": 0.30897474620873044,
        "SwedeFinal": -0.6316066638037664
    },
    "anomalous_features": [
        "Columnar epithelium",
        "Metaplastic squamous epithelium"
    ]
}