{
    "classification_report": {
        "0": {
            "precision": 0.9104477611940298,
            "recall": 0.8714285714285714,
            "f1-score": 0.8905109489051095,
            "support": 70.0
        },
        "1": {
            "precision": 0.8676470588235294,
            "recall": 0.9076923076923077,
            "f1-score": 0.8872180451127819,
            "support": 65.0
        },
        "accuracy": 0.8888888888888888,
        "macro avg": {
            "precision": 0.8890474100087796,
            "recall": 0.8895604395604395,
            "f1-score": 0.8888644970089457,
            "support": 135.0
        },
        "weighted avg": {
            "precision": 0.8898400156082333,
            "recall": 0.8888888888888888,
            "f1-score": 0.8889254767088036,
            "support": 135.0
        }
    },
    "confusion_matrix": [
        [
            61,
            9
        ],
        [
            6,
            59
        ]
    ],
    "probabilities_summary": {
        "mean": 0.5249595642089844,
        "std": 0.33489274978637695,
        "min": 0.03401237726211548,
        "max": 0.9852079749107361
    }
}