{
    "Adequacy": 0.0,
    "Squamocolumnar junction visibility": 0.04335421323776245,
    "Transformation zone": 0.000999748706817627,
    "Original squamous epithelium": 0.0001817941665649414,
    "Columnar epithelium": 0.00014197826385498047,
    "Metaplastic squamous epithelium": 0.00010919570922851562,
    "Location of the lesion": 7.623434066772461e-05,
    "Grade 1": 5.125999450683594e-05,
    "Grade 2": 3.731250762939453e-05,
    "Suspicious for invasion": 5.733966827392578e-05,
    "Aceto uptake": 0.011403203010559082,
    "Margins": 0.0013896822929382324,
    "Vessels": 0.0005038976669311523,
    "Lesion size": 0.00030690431594848633,
    "Iodine uptake": 0.0003082752227783203,
    "SwedeFinal": 0.000541985034942627
}