{
    "sample_id": 17,
    "feature_importance": {
        "Adequacy": 0.0,
        "Squamocolumnar junction visibility": 0.004762768745422363,
        "Transformation zone": 0.02414284273982048,
        "Original squamous epithelium": 0.006902337074279785,
        "Columnar epithelium": 0.003542724996805191,
        "Metaplastic squamous epithelium": 0.005371958017349243,
        "Location of the lesion": 0.001580066978931427,
        "Grade 1": 0.001043219119310379,
        "Grade 2": 0.00029072538018226624,
        "Suspicious for invasion": 0.001501530408859253,
        "Aceto uptake": 0.009015977382659912,
        "Margins": 0.03325032442808151,
        "Vessels": 0.0007562525570392609,
        "Lesion size": 0.0009122937917709351,
        "Iodine uptake": 0.004653669893741608,
        "SwedeFinal": 0.0031583234667778015
    },
    "uncertainty": {
        "mean_prediction": 0.020529117062687875,
        "uncertainty": 0.010393371295692802,
        "confidence_interval": [
            -0.00025762552869772887,
            0.04131585965407348
        ]
    }
}