{
    "patient_id": 13,
    "prediction": 0.9804466366767883,
    "feature_scores": {
        "Adequacy": 0.0,
        "Squamocolumnar junction visibility": -0.6457074498170088,
        "Transformation zone": -0.8747494485035775,
        "Original squamous epithelium": 0.2978416985906348,
        "Columnar epithelium": -0.3535533905932741,
        "Metaplastic squamous epithelium": -0.29694750580154516,
        "Location of the lesion": 4.615663313770504,
        "Grade 1": 0.12262786789699281,
        "Grade 2": 0.03254722774520584,
        "Suspicious for invasion": -0.19611613513818388,
        "Aceto uptake": -0.9951908700216247,
        "Margins": 0.43429951810769013,
        "Vessels": 0.18040727813722499,
        "Lesion size": -1.6851272210223482,
        "Iodine uptake": 0.30897474620873044,
        "SwedeFinal": 1.7526220080066455
    },
    "anomalous_features": [
        "Location of the lesion"
    ]
}