{
    "classification_report": {
        "0": {
            "precision": 0.9428571428571428,
            "recall": 0.9428571428571428,
            "f1-score": 0.9428571428571428,
            "support": 70.0
        },
        "1": {
            "precision": 0.9384615384615385,
            "recall": 0.9384615384615385,
            "f1-score": 0.9384615384615385,
            "support": 65.0
        },
        "accuracy": 0.9407407407407408,
        "macro avg": {
            "precision": 0.9406593406593406,
            "recall": 0.9406593406593406,
            "f1-score": 0.9406593406593406,
            "support": 135.0
        },
        "weighted avg": {
            "precision": 0.9407407407407408,
            "recall": 0.9407407407407408,
            "f1-score": 0.9407407407407408,
            "support": 135.0
        }
    },
    "confusion_matrix": [
        [
            66,
            4
        ],
        [
            4,
            61
        ]
    ],
    "probabilities_summary": {
        "mean": 0.48586198687553406,
        "std": 0.4711579978466034,
        "min": 1.2585279904808386e-14,
        "max": 1.0
    },
    "advanced_metrics": {
        "f1_score": 0.9384615384615385,
        "matthews_corrcoef": 0.8813186813186813,
        "cohen_kappa": 0.8813186813186813,
        "average_precision": 0.919690679301537
    }
}