{
    "test_metrics": {
        "loss": 0.47509488463401794,
        "accuracy": 0.9407407641410828,
        "precision": 0.9384615421295166,
        "recall": 0.9384615421295166,
        "auc": 0.9708791375160217
    },
    "best_hyperparameters": {
        "learning_rate": 0.001,
        "batch_size": 16,
        "dropout_rate": 0.2
    },
    "training_history": {
        "accuracy": [
            0.6762360334396362,
            0.8548644185066223,
            0.8755980730056763,
            0.8883572816848755,
            0.8979266285896301,
            0.9090909361839294,
            0.9234449863433838,
            0.9298245906829834,
            0.9218500852584839,
            0.9409888386726379
        ],
        "val_accuracy": [
            0.7388059496879578,
            0.8731343150138855,
            0.8805969953536987,
            0.9029850959777832,
            0.9179104566574097,
            0.9253731369972229,
            0.9552238583564758,
            0.9477611780166626,
            0.9626865386962891,
            0.9179104566574097
        ],
        "loss": [
            0.6041736602783203,
            0.3330652117729187,
            0.32153061032295227,
            0.2952682375907898,
            0.2895115911960602,
            0.24387195706367493,
            0.2140648514032364,
            0.20552535355091095,
            0.20099981129169464,
            0.17932471632957458
        ],
        "val_loss": [
            0.6135522723197937,
            0.3335389494895935,
            0.2660934329032898,
            0.31357505917549133,
            0.21706344187259674,
            0.17861445248126984,
            0.12490198761224747,
            0.13421034812927246,
            0.12066628783941269,
            0.8907580375671387
        ]
    }
}