{
    "Adequacy": 0.0,
    "Squamocolumnar junction visibility": 0.016719579696655273,
    "Transformation zone": 0.013814210891723633,
    "Original squamous epithelium": 0.001429915428161621,
    "Columnar epithelium": 0.0009064078330993652,
    "Metaplastic squamous epithelium": 0.0005846023559570312,
    "Location of the lesion": 0.00036776065826416016,
    "Grade 1": 0.00033861398696899414,
    "Grade 2": 0.00010436773300170898,
    "Suspicious for invasion": 0.00041878223419189453,
    "Aceto uptake": 0.014402806758880615,
    "Margins": 0.0015339851379394531,
    "Vessels": 0.000929713249206543,
    "Lesion size": 0.0020052194595336914,
    "Iodine uptake": 2.586841583251953e-05,
    "SwedeFinal": 0.0006589889526367188
}