{
    "Adequacy": 0.0,
    "Squamocolumnar junction visibility": 0.062349289655685425,
    "Transformation zone": 0.05237692594528198,
    "Original squamous epithelium": 0.0029478073120117188,
    "Columnar epithelium": 0.0012950897216796875,
    "Metaplastic squamous epithelium": 0.0008683204650878906,
    "Location of the lesion": 0.0015895962715148926,
    "Grade 1": 0.0003848075866699219,
    "Grade 2": 0.00028628110885620117,
    "Suspicious for invasion": 0.0014137029647827148,
    "Aceto uptake": 0.034516870975494385,
    "Margins": 0.01278156042098999,
    "Vessels": 0.0025606751441955566,
    "Lesion size": 0.04395496845245361,
    "Iodine uptake": 0.005010366439819336,
    "SwedeFinal": 0.006884932518005371
}