{
    "sample_id": 94,
    "feature_importance": {
        "Adequacy": 0.0,
        "Squamocolumnar junction visibility": 0.01852722465991974,
        "Transformation zone": 0.03386671841144562,
        "Original squamous epithelium": 0.0038603395223617554,
        "Columnar epithelium": 0.005292654037475586,
        "Metaplastic squamous epithelium": 0.007730424404144287,
        "Location of the lesion": 0.0037550926208496094,
        "Grade 1": 0.0031818151473999023,
        "Grade 2": 0.0010829567909240723,
        "Suspicious for invasion": 0.0009662210941314697,
        "Aceto uptake": 0.012073948979377747,
        "Margins": 0.01706869900226593,
        "Vessels": 0.017700836062431335,
        "Lesion size": 0.002656221389770508,
        "Iodine uptake": 0.0006324052810668945,
        "SwedeFinal": 0.0034337490797042847
    },
    "uncertainty": {
        "mean_prediction": 0.24694650173187255,
        "uncertainty": 0.03533045379231903,
        "confidence_interval": [
            0.1762855941472345,
            0.3176074093165106
        ]
    }
}