{
    "test_metrics": {
        "loss": 0.1192612573504448,
        "compile_metrics": 0.9629629850387573
    },
    "best_hyperparameters": {
        "learning_rate": 0.001,
        "batch_size": 16,
        "dropout_rate": 0.2
    },
    "training_history": {
        "accuracy": [
            0.6937798857688904,
            0.8548644185066223,
            0.880382776260376,
            0.9059011340141296,
            0.9441786408424377,
            0.920255184173584,
            0.9282296895980835,
            0.9569377899169922,
            0.960127592086792,
            0.980861246585846,
            0.9904305934906006
        ],
        "val_accuracy": [
            0.8507462739944458,
            0.8432835936546326,
            0.8507462739944458,
            0.8507462739944458,
            0.7089552283287048,
            0.9029850959777832,
            0.6940298676490784,
            0.5298507213592529,
            0.753731369972229,
            0.8208954930305481,
            0.8432835936546326
        ],
        "loss": [
            0.5868501663208008,
            0.38541001081466675,
            0.307029128074646,
            0.22600896656513214,
            0.16711685061454773,
            0.20296907424926758,
            0.17837929725646973,
            0.1254514902830124,
            0.11076099425554276,
            0.059480294585227966,
            0.026605673134326935
        ],
        "val_loss": [
            0.4413679838180542,
            0.34142589569091797,
            0.3131222128868103,
            0.319013774394989,
            0.44581204652786255,
            0.21498923003673553,
            0.7105857133865356,
            1.3262711763381958,
            1.511505126953125,
            0.888800323009491,
            0.9497617483139038
        ]
    }
}