{
    "iteration": 1,
    "metrics": {
        "val_accuracy": 0.7835820913314819,
        "val_loss": 0.47280144691467285
    },
    "parameters": {
        "learning_rate": 0.001,
        "batch_size": 16,
        "dropout_rate": 0.2
    },
    "timestamp": "2025-01-27 07:31:28.167322"
}