{
    "iteration": 1,
    "metrics": {
        "val_accuracy": 0.5970149040222168,
        "val_loss": 0.6286659240722656
    },
    "parameters": {
        "learning_rate": 0.001,
        "batch_size": 16,
        "dropout_rate": 0.2
    },
    "timestamp": "2025-01-27 07:54:50.898350"
}