{
    "Adequacy": 0.0,
    "Squamocolumnar junction visibility": 0.040658533573150635,
    "Transformation zone": 0.013652443885803223,
    "Original squamous epithelium": 0.0006192922592163086,
    "Columnar epithelium": 0.0013911724090576172,
    "Metaplastic squamous epithelium": 0.0006308555603027344,
    "Location of the lesion": 0.0004940032958984375,
    "Grade 1": 0.0004916191101074219,
    "Grade 2": 4.595518112182617e-05,
    "Suspicious for invasion": 0.0002728700637817383,
    "Aceto uptake": 0.029090404510498047,
    "Margins": 0.0027066469192504883,
    "Vessels": 0.003588259220123291,
    "Lesion size": 0.004296660423278809,
    "Iodine uptake": 0.0006982684135437012,
    "SwedeFinal": 0.0011503100395202637
}