{
    "sample_id": 100,
    "feature_importance": {
        "Adequacy": 0.0,
        "Squamocolumnar junction visibility": 0.0056191980838775635,
        "Transformation zone": 0.01834121346473694,
        "Original squamous epithelium": 0.007610440254211426,
        "Columnar epithelium": 0.004354983568191528,
        "Metaplastic squamous epithelium": 0.000768810510635376,
        "Location of the lesion": 0.0015937387943267822,
        "Grade 1": 0.00365331768989563,
        "Grade 2": 0.0001378953456878662,
        "Suspicious for invasion": 0.0004432201385498047,
        "Aceto uptake": 0.01829889416694641,
        "Margins": 0.030025959014892578,
        "Vessels": 0.02107277512550354,
        "Lesion size": 0.01215749979019165,
        "Iodine uptake": 0.009145110845565796,
        "SwedeFinal": 0.001164466142654419
    },
    "uncertainty": {
        "mean_prediction": 0.19383251368999482,
        "uncertainty": 0.05127535867455008,
        "confidence_interval": [
            0.09128179634089466,
            0.296383231039095
        ]
    }
}