{
    "sample_id": 115,
    "feature_importance": {
        "Adequacy": 0.0,
        "Squamocolumnar junction visibility": 0.009211719036102295,
        "Transformation zone": 0.013232052326202393,
        "Original squamous epithelium": 7.456541061401367e-05,
        "Columnar epithelium": 0.00171583890914917,
        "Metaplastic squamous epithelium": 0.00026530027389526367,
        "Location of the lesion": 0.0007514357566833496,
        "Grade 1": 0.0004969239234924316,
        "Grade 2": 9.804964065551758e-05,
        "Suspicious for invasion": 0.00019228458404541016,
        "Aceto uptake": 0.022744834423065186,
        "Margins": 0.002770066261291504,
        "Vessels": 0.0008776187896728516,
        "Lesion size": 0.004663825035095215,
        "Iodine uptake": 0.003392815589904785,
        "SwedeFinal": 0.016004979610443115
    },
    "uncertainty": {
        "mean_prediction": 0.9388377487659454,
        "uncertainty": 0.04329491799185208,
        "confidence_interval": [
            0.8522479127822412,
            1.0254275847496495
        ]
    }
}