{
    "patient_id": 102,
    "prediction": 0.5288131237030029,
    "feature_scores": {
        "Adequacy": 0.0,
        "Squamocolumnar junction visibility": -0.6457074498170088,
        "Transformation zone": -0.8747494485035775,
        "Original squamous epithelium": 0.2978416985906348,
        "Columnar epithelium": -0.3535533905932741,
        "Metaplastic squamous epithelium": -0.29694750580154516,
        "Location of the lesion": -2.0605639793618318,
        "Grade 1": -8.154753215150045,
        "Grade 2": 0.03254722774520584,
        "Suspicious for invasion": -0.19611613513818388,
        "Aceto uptake": -0.9951908700216247,
        "Margins": 0.43429951810769013,
        "Vessels": -1.0373418492890423,
        "Lesion size": 1.0557423553393024,
        "Iodine uptake": 1.3517645146631956,
        "SwedeFinal": 1.7526220080066455
    },
    "anomalous_features": [
        "Location of the lesion",
        "Grade 1"
    ]
}