{
    "Adequacy": 0.0,
    "Squamocolumnar junction visibility": 0.09594568610191345,
    "Transformation zone": 0.0876179039478302,
    "Original squamous epithelium": 0.010577023029327393,
    "Columnar epithelium": 0.001851886510848999,
    "Metaplastic squamous epithelium": 0.0025047659873962402,
    "Location of the lesion": 0.0008267760276794434,
    "Grade 1": 0.0019585788249969482,
    "Grade 2": 0.00013297796249389648,
    "Suspicious for invasion": 0.0018598437309265137,
    "Aceto uptake": 0.05159685015678406,
    "Margins": 0.01116931438446045,
    "Vessels": 0.0016688704490661621,
    "Lesion size": 0.046439141035079956,
    "Iodine uptake": 0.0034716129302978516,
    "SwedeFinal": 0.0022974610328674316
}