{
    "sample_id": 123,
    "feature_importance": {
        "Adequacy": 0.0,
        "Squamocolumnar junction visibility": 0.0008003413677215576,
        "Transformation zone": 0.028317570686340332,
        "Original squamous epithelium": 0.008022218942642212,
        "Columnar epithelium": 0.00722813606262207,
        "Metaplastic squamous epithelium": 0.002162426710128784,
        "Location of the lesion": 0.000711292028427124,
        "Grade 1": 0.003388434648513794,
        "Grade 2": 0.00010088086128234863,
        "Suspicious for invasion": 0.0001837313175201416,
        "Aceto uptake": 0.05869254469871521,
        "Margins": 0.01156306266784668,
        "Vessels": 0.005721688270568848,
        "Lesion size": 0.020130187273025513,
        "Iodine uptake": 0.005495518445968628,
        "SwedeFinal": 0.004544883966445923
    },
    "uncertainty": {
        "mean_prediction": 0.5662986189126968,
        "uncertainty": 0.07263150437796578,
        "confidence_interval": [
            0.42103561015676527,
            0.7115616276686284
        ]
    }
}