{
    "iteration": 1,
    "metrics": {
        "val_accuracy": 0.9029850959777832,
        "val_loss": 0.21498923003673553
    },
    "parameters": {
        "learning_rate": 0.001,
        "batch_size": 16,
        "dropout_rate": 0.2
    },
    "timestamp": "2025-01-27 08:17:54.188457"
}