{
    "timestamp": "2025-01-27T07:52:46.365952",
    "prediction_results": {
        "prediction": 0.5451688170433044,
        "uncertainties": [
            0.012094637338729173
        ],
        "batch_statistics": {
            "mean_prediction": 0.5451688170433044,
            "mean_uncertainty": 0.012094637338729173,
            "high_uncertainty_rate": 0.0,
            "high_risk_rate": 0.4666666666666667
        }
    },
    "clinical_metrics": {
        "diagnostic_metrics": {
            "sensitivity": 0.9230769230769231,
            "specificity": 0.8714285714285714,
            "ppv": 0.8695652173913043,
            "npv": 0.9242424242424242,
            "plr": 7.179487179487181,
            "nlr": 0.0882723833543505,
            "accuracy": 0.8962962962962963,
            "f1_score": 0.8955223880597015
        },
        "risk_metrics": {
            "risk_ratio": 3.1146156787872314,
            "odds_ratio": 27.102706909179688,
            "confidence_intervals": {
                "level": 0.95,
                "lower": 2.453719939480582,
                "upper": 3.7755114180938807
            }
        },
        "clinical_thresholds": {
            "optimal_threshold": 0.7778880596160889,
            "screening_threshold": 0.47393348813056946,
            "confirmation_threshold": 0.7558269500732422
        },
        "uncertainty_metrics": {
            "mean_confidence": 0.6414384245872498,
            "confidence_std": 0.22699648141860962,
            "mean_entropy": 0.6147464513778687,
            "high_uncertainty_ratio": 0.2740740740740741
        }
    },
    "validation_results": {
        "safety_metrics": {
            "false_negative_rate": 0.460082304526749,
            "missed_diagnosis_risk": 0.07692307692307693,
            "safety_threshold_compliance": 0.044444444444444446
        },
        "subgroup_analysis": {},
        "error_analysis": {
            "false_positives": {
                "count": 9,
                "mean_confidence": 0.6851059198379517,
                "indices": [
                    15,
                    38,
                    75,
                    79,
                    90,
                    102,
                    126,
                    127,
                    134
                ]
            },
            "false_negatives": {
                "count": 5,
                "mean_confidence": 0.6686042547225952,
                "indices": [
                    13,
                    40,
                    76,
                    83,
                    128
                ]
            },
            "error_rate": 0.1037037037037037,
            "threshold_analysis": {
                "threshold_0.1": {
                    "false_positives": 64,
                    "false_negatives": 0,
                    "total_errors": 64
                },
                "threshold_0.2": {
                    "false_positives": 40,
                    "false_negatives": 1,
                    "total_errors": 41
                },
                "threshold_0.3": {
                    "false_positives": 22,
                    "false_negatives": 2,
                    "total_errors": 24
                },
                "threshold_0.4": {
                    "false_positives": 11,
                    "false_negatives": 3,
                    "total_errors": 14
                },
                "threshold_0.5": {
                    "false_positives": 9,
                    "false_negatives": 5,
                    "total_errors": 14
                },
                "threshold_0.6": {
                    "false_positives": 6,
                    "false_negatives": 6,
                    "total_errors": 12
                },
                "threshold_0.7": {
                    "false_positives": 6,
                    "false_negatives": 8,
                    "total_errors": 14
                },
                "threshold_0.8": {
                    "false_positives": 0,
                    "false_negatives": 14,
                    "total_errors": 14
                },
                "threshold_0.9": {
                    "false_positives": 0,
                    "false_negatives": 34,
                    "total_errors": 34
                }
            }
        },
        "validation_status": {
            "status": "FAILED",
            "criteria_results": {
                "false_negative_rate": false,
                "missed_diagnosis_risk": false,
                "safety_compliance": false
            }
        }
    }
}