{
    "classification_report": {
        "0": {
            "precision": 0.9393939393939394,
            "recall": 0.8857142857142857,
            "f1-score": 0.9117647058823529,
            "support": 70.0
        },
        "1": {
            "precision": 0.8840579710144928,
            "recall": 0.9384615384615385,
            "f1-score": 0.9104477611940298,
            "support": 65.0
        },
        "accuracy": 0.9111111111111111,
        "macro avg": {
            "precision": 0.9117259552042161,
            "recall": 0.9120879120879121,
            "f1-score": 0.9111062335381914,
            "support": 135.0
        },
        "weighted avg": {
            "precision": 0.9127506953593911,
            "recall": 0.9111111111111111,
            "f1-score": 0.9111306214027899,
            "support": 135.0
        }
    },
    "confusion_matrix": [
        [
            62,
            8
        ],
        [
            4,
            61
        ]
    ],
    "probabilities_summary": {
        "mean": 0.6115237474441528,
        "std": 0.33065664768218994,
        "min": 0.19316799938678741,
        "max": 0.9969654083251953
    },
    "advanced_metrics": {
        "f1_score": 0.9104477611940298,
        "matthews_corrcoef": 0.823813787776113,
        "cohen_kappa": 0.8223684210526316,
        "average_precision": 0.971948716478684
    }
}