{
    "iteration": 1,
    "metrics": {
        "val_accuracy": 0.8283582329750061,
        "val_loss": 0.45463669300079346
    },
    "parameters": {
        "learning_rate": 0.001,
        "batch_size": 16,
        "dropout_rate": 0.2
    },
    "timestamp": "2025-01-27 07:49:40.088916"
}