{
    "iteration": 1,
    "metrics": {
        "val_accuracy": 0.7761194109916687,
        "val_loss": 0.439872145652771
    },
    "parameters": {
        "learning_rate": 0.001,
        "batch_size": 16,
        "dropout_rate": 0.2
    },
    "timestamp": "2025-01-27 07:34:42.569696"
}