{
    "classification_report": {
        "0": {
            "precision": 0.9344262295081968,
            "recall": 0.8142857142857143,
            "f1-score": 0.8702290076335878,
            "support": 70.0
        },
        "1": {
            "precision": 0.8243243243243243,
            "recall": 0.9384615384615385,
            "f1-score": 0.8776978417266187,
            "support": 65.0
        },
        "accuracy": 0.8740740740740741,
        "macro avg": {
            "precision": 0.8793752769162606,
            "recall": 0.8763736263736264,
            "f1-score": 0.8739634246801032,
            "support": 135.0
        },
        "weighted avg": {
            "precision": 0.8814142010863323,
            "recall": 0.8740740740740741,
            "f1-score": 0.8738251129376398,
            "support": 135.0
        }
    },
    "confusion_matrix": [
        [
            57,
            13
        ],
        [
            4,
            61
        ]
    ],
    "probabilities_summary": {
        "mean": 0.5759856104850769,
        "std": 0.3453507721424103,
        "min": 0.051967307925224304,
        "max": 0.9974904656410217
    },
    "advanced_metrics": {
        "f1_score": 0.8776978417266187,
        "matthews_corrcoef": 0.7557429423540036,
        "cohen_kappa": 0.7490431930016402,
        "average_precision": 0.977932415213595
    }
}