{
    "Adequacy": 0.0,
    "Squamocolumnar junction visibility": 0.1294603943824768,
    "Transformation zone": 0.00014919042587280273,
    "Original squamous epithelium": 1.4483928680419922e-05,
    "Columnar epithelium": 1.4662742614746094e-05,
    "Metaplastic squamous epithelium": 1.2278556823730469e-05,
    "Location of the lesion": 1.1861324310302734e-05,
    "Grade 1": 1.8835067749023438e-05,
    "Grade 2": 4.887580871582031e-06,
    "Suspicious for invasion": 2.09808349609375e-05,
    "Aceto uptake": 0.0010235905647277832,
    "Margins": 0.00017875432968139648,
    "Vessels": 2.3245811462402344e-05,
    "Lesion size": 8.165836334228516e-06,
    "Iodine uptake": 9.5367431640625e-07,
    "SwedeFinal": 3.8683414459228516e-05
}