{
    "Adequacy": 0.0,
    "Squamocolumnar junction visibility": 0.023655593395233154,
    "Transformation zone": 0.012133419513702393,
    "Original squamous epithelium": 2.562999725341797e-06,
    "Columnar epithelium": 0.00022226572036743164,
    "Metaplastic squamous epithelium": 0.0001297593116760254,
    "Location of the lesion": 9.316205978393555e-05,
    "Grade 1": 0.0006532669067382812,
    "Grade 2": 0.00012749433517456055,
    "Suspicious for invasion": 0.0005019307136535645,
    "Aceto uptake": 0.04543834924697876,
    "Margins": 0.004193723201751709,
    "Vessels": 0.0014528632164001465,
    "Lesion size": 0.004089534282684326,
    "Iodine uptake": 0.00039184093475341797,
    "SwedeFinal": 0.0014109015464782715
}