{
    "best_parameters": {
        "learning_rate": 0.001,
        "batch_size": 16,
        "dropout_rate": 0.3
    },
    "best_accuracy": 0.9029850959777832,
    "parameter_search": {
        "learning_rates_tested": [
            0.001,
            0.0001
        ],
        "batch_sizes_tested": [
            16,
            32
        ],
        "dropout_rates_tested": [
            0.2,
            0.3
        ],
        "total_combinations": 8,
        "tracking_metrics": {
            "learning_rates": [
                0.001,
                0.001,
                0.001,
                0.001,
                0.0001,
                0.0001,
                0.0001,
                0.0001
            ],
            "batch_sizes": [
                16,
                16,
                32,
                32,
                16,
                16,
                32,
                32
            ],
            "dropout_rates": [
                0.2,
                0.3,
                0.2,
                0.3,
                0.2,
                0.3,
                0.2,
                0.3
            ],
            "val_accuracies": [
                0.888059675693512,
                0.9029850959777832,
                0.89552241563797,
                0.8656716346740723,
                0.7388059496879578,
                0.6567164063453674,
                0.7686567306518555,
                0.6791045069694519
            ],
            "val_losses": [
                0.23434866964817047,
                0.22706522047519684,
                0.24128592014312744,
                0.29321038722991943,
                0.5673540830612183,
                0.6093851327896118,
                0.5872042775154114,
                0.6260626912117004
            ],
            "training_times": [
                191.18158054351807,
                197.6619200706482,
                215.75095009803772,
                224.88656520843506,
                209.09353733062744,
                194.42553114891052,
                210.64893651008606,
                225.06960105895996
            ],
            "epochs_trained": [
                10,
                10,
                10,
                10,
                10,
                10,
                10,
                10
            ],
            "precision": [
                0.9897260069847107,
                0.9729729890823364,
                0.9833333492279053,
                0.9769737124443054,
                0.9900000095367432,
                0.9933333396911621,
                0.9863945841789246,
                0.9863013625144958
            ],
            "recall": [
                0.9667773842811584,
                0.9568106532096863,
                0.9800664186477661,
                0.9867109656333923,
                0.9900332093238831,
                0.9900332093238831,
                0.9800664186477661,
                0.9800664186477661
            ],
            "auc": [
                0.9965453147888184,
                0.9932892322540283,
                0.9955669641494751,
                0.998430609703064,
                0.9996381998062134,
                0.9995312094688416,
                0.9985222816467285,
                0.9974522590637207
            ]
        }
    }
}