{
    "learning_rate_effect": {
        "0.0001": 0.7108208984136581,
        "0.001": 0.8880597054958344
    },
    "batch_size_effect": {
        "16": 0.7966417819261551,
        "32": 0.8022388219833374
    },
    "dropout_effect": {
        "0.2": 0.8227611929178238,
        "0.3": 0.7761194109916687
    },
    "training_time_correlation": -0.10307747286014911
}