{
    "patient_id": 49,
    "prediction": 0.9863568544387817,
    "feature_scores": {
        "Adequacy": 0.0,
        "Squamocolumnar junction visibility": -0.6457074498170088,
        "Transformation zone": -0.8747494485035775,
        "Original squamous epithelium": 0.2978416985906348,
        "Columnar epithelium": -0.3535533905932741,
        "Metaplastic squamous epithelium": 3.922832839799358,
        "Location of the lesion": 0.16484511834894658,
        "Grade 1": 0.12262786789699281,
        "Grade 2": 0.03254722774520584,
        "Suspicious for invasion": -0.19611613513818388,
        "Aceto uptake": -0.9951908700216247,
        "Margins": 0.43429951810769013,
        "Vessels": -1.0373418492890423,
        "Lesion size": 1.0557423553393024,
        "Iodine uptake": -0.7338150222457348,
        "SwedeFinal": -0.45954892460095315
    },
    "anomalous_features": [
        "Metaplastic squamous epithelium"
    ]
}