{
    "iteration": 1,
    "metrics": {
        "val_accuracy": 0.7835820913314819,
        "val_loss": 0.4714626669883728
    },
    "parameters": {
        "learning_rate": 0.001,
        "batch_size": 16,
        "dropout_rate": 0.2
    },
    "timestamp": "2025-01-27 08:00:08.998886"
}