{
    "clinical_metrics": {
        "diagnostic_metrics": {
            "sensitivity": 0.7076923076923077,
            "specificity": 0.9857142857142858,
            "ppv": 0.9787234042553191,
            "npv": 0.7840909090909091,
            "plr": 49.53846153846172,
            "nlr": 0.2965440356744704,
            "accuracy": 0.8518518518518519,
            "f1_score": 0.8214285714285714
        },
        "risk_metrics": {
            "risk_ratio": 2.098341226577759,
            "odds_ratio": 4.135913372039795,
            "confidence_intervals": {
                "level": 0.95,
                "lower": 1.7270890255983014,
                "upper": 2.469593427557216
            }
        },
        "clinical_thresholds": {
            "optimal_threshold": 0.4152190685272217,
            "screening_threshold": 0.3324233293533325,
            "confirmation_threshold": 0.47050368785858154
        },
        "uncertainty_metrics": {
            "mean_confidence": 0.3682469129562378,
            "confidence_std": 0.1684650182723999,
            "mean_entropy": 0.8761559128761292,
            "high_uncertainty_ratio": 0.7555555555555555
        }
    },
    "validation_results": {
        "safety_metrics": {
            "false_negative_rate": 0.48148148148148145,
            "missed_diagnosis_risk": 0.2923076923076923,
            "safety_threshold_compliance": 0.0
        },
        "subgroup_analysis": {},
        "error_analysis": {
            "false_positives": {
                "count": 1,
                "mean_confidence": 0.5275653600692749,
                "indices": [
                    127
                ]
            },
            "false_negatives": {
                "count": 19,
                "mean_confidence": 0.5972301363945007,
                "indices": [
                    4,
                    6,
                    13,
                    30,
                    40,
                    41,
                    46,
                    49,
                    51,
                    64,
                    73,
                    76,
                    83,
                    101,
                    107,
                    119,
                    123,
                    128,
                    130
                ]
            },
            "error_rate": 0.14814814814814814,
            "threshold_analysis": {
                "threshold_0.1": {
                    "false_positives": 70,
                    "false_negatives": 0,
                    "total_errors": 70
                },
                "threshold_0.2": {
                    "false_positives": 65,
                    "false_negatives": 0,
                    "total_errors": 65
                },
                "threshold_0.3": {
                    "false_positives": 17,
                    "false_negatives": 2,
                    "total_errors": 19
                },
                "threshold_0.4": {
                    "false_positives": 8,
                    "false_negatives": 6,
                    "total_errors": 14
                },
                "threshold_0.5": {
                    "false_positives": 1,
                    "false_negatives": 19,
                    "total_errors": 20
                },
                "threshold_0.6": {
                    "false_positives": 0,
                    "false_negatives": 26,
                    "total_errors": 26
                },
                "threshold_0.7": {
                    "false_positives": 0,
                    "false_negatives": 48,
                    "total_errors": 48
                },
                "threshold_0.8": {
                    "false_positives": 0,
                    "false_negatives": 65,
                    "total_errors": 65
                },
                "threshold_0.9": {
                    "false_positives": 0,
                    "false_negatives": 65,
                    "total_errors": 65
                }
            }
        },
        "validation_status": {
            "status": "FAILED",
            "criteria_results": {
                "false_negative_rate": false,
                "missed_diagnosis_risk": false,
                "safety_compliance": false
            }
        }
    },
    "safety_alerts": [],
    "batch_statistics": {
        "mean_prediction": 0.42846375703811646,
        "mean_uncertainty": 0.08190532755993649,
        "high_uncertainty_rate": 0.0,
        "high_risk_rate": 0.1259259259259259
    }
}