{
    "classification_report": {
        "0": {
            "precision": 0.5932203389830508,
            "recall": 1.0,
            "f1-score": 0.7446808510638298,
            "support": 70.0
        },
        "1": {
            "precision": 1.0,
            "recall": 0.26153846153846155,
            "f1-score": 0.4146341463414634,
            "support": 65.0
        },
        "accuracy": 0.6444444444444445,
        "macro avg": {
            "precision": 0.7966101694915254,
            "recall": 0.6307692307692307,
            "f1-score": 0.5796574987026466,
            "support": 135.0
        },
        "weighted avg": {
            "precision": 0.7890772128060264,
            "recall": 0.6444444444444445,
            "f1-score": 0.5857694747160238,
            "support": 135.0
        }
    },
    "confusion_matrix": [
        [
            70,
            0
        ],
        [
            48,
            17
        ]
    ],
    "probabilities_summary": {
        "mean": 0.2952815890312195,
        "std": 0.13487549126148224,
        "min": 0.12646989524364471,
        "max": 0.6213176846504211
    }
}