{
    "timestamp": "2025-01-27T07:41:43.425985",
    "prediction_results": {
        "prediction": 0.3072420656681061,
        "uncertainties": [
            0.06452805400087283
        ],
        "batch_statistics": {
            "mean_prediction": 0.3072420656681061,
            "mean_uncertainty": 0.06452805400087283,
            "high_uncertainty_rate": 0.0,
            "high_risk_rate": 0.0
        }
    },
    "clinical_metrics": {
        "diagnostic_metrics": {
            "sensitivity": 0.3076923076923077,
            "specificity": 1.0,
            "ppv": 1.0,
            "npv": 0.6086956521739131,
            "plr": Infinity,
            "nlr": 0.6923076923076923,
            "accuracy": 0.6666666666666666,
            "f1_score": 0.47058823529411764
        },
        "risk_metrics": {
            "risk_ratio": 2.289163589477539,
            "odds_ratio": 3.4584147930145264,
            "confidence_intervals": {
                "level": 0.95,
                "lower": 1.9992835430737568,
                "upper": 2.5790436358813214
            }
        },
        "clinical_thresholds": {
            "optimal_threshold": 0.2795237600803375,
            "screening_threshold": 0.23105961084365845,
            "confirmation_threshold": 0.28148889541625977
        },
        "uncertainty_metrics": {
            "mean_confidence": 0.4061998128890991,
            "confidence_std": 0.26668840646743774,
            "mean_entropy": 0.815138578414917,
            "high_uncertainty_ratio": 0.4962962962962963
        }
    },
    "validation_results": {
        "safety_metrics": {
            "false_negative_rate": 0.48148148148148145,
            "missed_diagnosis_risk": 0.6923076923076923,
            "safety_threshold_compliance": 0.0
        },
        "subgroup_analysis": {},
        "error_analysis": {
            "false_positives": {
                "count": 0,
                "mean_confidence": 0.0,
                "indices": []
            },
            "false_negatives": {
                "count": 45,
                "mean_confidence": 0.6108998656272888,
                "indices": [
                    0,
                    4,
                    5,
                    6,
                    9,
                    13,
                    19,
                    20,
                    23,
                    25,
                    30,
                    32,
                    35,
                    37,
                    39,
                    40,
                    41,
                    43,
                    46,
                    47,
                    48,
                    49,
                    51,
                    54,
                    56,
                    61,
                    64,
                    72,
                    73,
                    76,
                    83,
                    85,
                    92,
                    97,
                    101,
                    103,
                    105,
                    107,
                    114,
                    115,
                    119,
                    123,
                    128,
                    129,
                    130
                ]
            },
            "error_rate": 0.3333333333333333,
            "threshold_analysis": {
                "threshold_0.1": {
                    "false_positives": 68,
                    "false_negatives": 0,
                    "total_errors": 68
                },
                "threshold_0.2": {
                    "false_positives": 25,
                    "false_negatives": 3,
                    "total_errors": 28
                },
                "threshold_0.3": {
                    "false_positives": 2,
                    "false_negatives": 9,
                    "total_errors": 11
                },
                "threshold_0.4": {
                    "false_positives": 0,
                    "false_negatives": 22,
                    "total_errors": 22
                },
                "threshold_0.5": {
                    "false_positives": 0,
                    "false_negatives": 45,
                    "total_errors": 45
                },
                "threshold_0.6": {
                    "false_positives": 0,
                    "false_negatives": 63,
                    "total_errors": 63
                },
                "threshold_0.7": {
                    "false_positives": 0,
                    "false_negatives": 65,
                    "total_errors": 65
                },
                "threshold_0.8": {
                    "false_positives": 0,
                    "false_negatives": 65,
                    "total_errors": 65
                },
                "threshold_0.9": {
                    "false_positives": 0,
                    "false_negatives": 65,
                    "total_errors": 65
                }
            }
        },
        "validation_status": {
            "status": "FAILED",
            "criteria_results": {
                "false_negative_rate": false,
                "missed_diagnosis_risk": false,
                "safety_compliance": false
            }
        }
    }
}