{
    "Adequacy": 0.0,
    "Squamocolumnar junction visibility": 0.09207397699356079,
    "Transformation zone": 0.025587499141693115,
    "Original squamous epithelium": 0.0007418394088745117,
    "Columnar epithelium": 0.003262758255004883,
    "Metaplastic squamous epithelium": 0.0006015300750732422,
    "Location of the lesion": 0.0002835392951965332,
    "Grade 1": 0.0009412765502929688,
    "Grade 2": 4.094839096069336e-05,
    "Suspicious for invasion": 0.0007582306861877441,
    "Aceto uptake": 0.014876306056976318,
    "Margins": 0.004293322563171387,
    "Vessels": 0.0006322264671325684,
    "Lesion size": 0.009238958358764648,
    "Iodine uptake": 0.0005538463592529297,
    "SwedeFinal": 0.0019251704216003418
}