{
    "sample_id": 60,
    "feature_importance": {
        "Adequacy": 0.0,
        "Squamocolumnar junction visibility": 0.046716347336769104,
        "Transformation zone": 0.06433585286140442,
        "Original squamous epithelium": 0.005931422114372253,
        "Columnar epithelium": 0.009434476494789124,
        "Metaplastic squamous epithelium": 0.004243627190589905,
        "Location of the lesion": 0.0018812865018844604,
        "Grade 1": 0.0026653707027435303,
        "Grade 2": 0.0014920532703399658,
        "Suspicious for invasion": 0.007030516862869263,
        "Aceto uptake": 0.023417487740516663,
        "Margins": 0.06405696272850037,
        "Vessels": 0.03453715145587921,
        "Lesion size": 0.00637112557888031,
        "Iodine uptake": 0.00535951554775238,
        "SwedeFinal": 0.007936954498291016
    },
    "uncertainty": {
        "mean_prediction": 0.28917090594768524,
        "uncertainty": 0.07546163077849631,
        "confidence_interval": [
            0.13824764439069262,
            0.4400941675046779
        ]
    }
}