{
    "sample_id": 76,
    "feature_importance": {
        "Adequacy": 0.0,
        "Squamocolumnar junction visibility": 0.0660238265991211,
        "Transformation zone": 0.07996773719787598,
        "Original squamous epithelium": 0.013054251670837402,
        "Columnar epithelium": 0.014587998390197754,
        "Metaplastic squamous epithelium": 0.0018783807754516602,
        "Location of the lesion": 1.2159347534179688e-05,
        "Grade 1": 0.0005910396575927734,
        "Grade 2": 0.004132986068725586,
        "Suspicious for invasion": 0.016585111618041992,
        "Aceto uptake": 0.2354581356048584,
        "Margins": 0.18083316087722778,
        "Vessels": 0.07250607013702393,
        "Lesion size": 0.07349184155464172,
        "Iodine uptake": 0.014776945114135742,
        "SwedeFinal": 0.0030546188354492188
    },
    "uncertainty": {
        "mean_prediction": 0.46831470131874087,
        "uncertainty": 0.0628674734881641,
        "confidence_interval": [
            0.34257975434241267,
            0.594049648295069
        ]
    }
}