{
    "iteration": 1,
    "metrics": {
        "val_accuracy": 0.7388059496879578,
        "val_loss": 0.5625934600830078
    },
    "parameters": {
        "learning_rate": 0.001,
        "batch_size": 16,
        "dropout_rate": 0.2
    },
    "timestamp": "2025-01-27 07:40:43.462017"
}