{
    "iteration": 1,
    "metrics": {
        "val_accuracy": 0.7985074520111084,
        "val_loss": 0.39807838201522827
    },
    "parameters": {
        "learning_rate": 0.001,
        "batch_size": 16,
        "dropout_rate": 0.2
    },
    "timestamp": "2025-01-27 07:25:14.982422"
}