{
    "Adequacy": 0.0,
    "Squamocolumnar junction visibility": 0.0488165020942688,
    "Transformation zone": 0.0201798677444458,
    "Original squamous epithelium": 0.0005996823310852051,
    "Columnar epithelium": 0.0029550790786743164,
    "Metaplastic squamous epithelium": 0.00116807222366333,
    "Location of the lesion": 0.00031280517578125,
    "Grade 1": 0.0005692243576049805,
    "Grade 2": 0.000354766845703125,
    "Suspicious for invasion": 0.0012081265449523926,
    "Aceto uptake": 0.03634035587310791,
    "Margins": 0.00501328706741333,
    "Vessels": 0.009375989437103271,
    "Lesion size": 0.014006435871124268,
    "Iodine uptake": 0.0025416016578674316,
    "SwedeFinal": 0.0032799839973449707
}