{
    "sample_id": 103,
    "feature_importance": {
        "Adequacy": 0.0,
        "Squamocolumnar junction visibility": 0.028267741203308105,
        "Transformation zone": 0.03400605916976929,
        "Original squamous epithelium": 0.023112475872039795,
        "Columnar epithelium": 0.0029395222663879395,
        "Metaplastic squamous epithelium": 8.440017700195312e-05,
        "Location of the lesion": 0.0009860992431640625,
        "Grade 1": 3.743171691894531e-05,
        "Grade 2": 0.0001995563507080078,
        "Suspicious for invasion": 0.0006768703460693359,
        "Aceto uptake": 0.03216069936752319,
        "Margins": 0.005371809005737305,
        "Vessels": 0.004046618938446045,
        "Lesion size": 0.012770593166351318,
        "Iodine uptake": 0.014641761779785156,
        "SwedeFinal": 0.009830713272094727
    },
    "uncertainty": {
        "mean_prediction": 0.9005559980869293,
        "uncertainty": 0.03685269485395065,
        "confidence_interval": [
            0.826850608379028,
            0.9742613877948306
        ]
    }
}