{
    "sample_id": 37,
    "feature_importance": {
        "Adequacy": 0.0,
        "Squamocolumnar junction visibility": 0.015960276126861572,
        "Transformation zone": 0.025468945503234863,
        "Original squamous epithelium": 0.00013172626495361328,
        "Columnar epithelium": 0.0018658638000488281,
        "Metaplastic squamous epithelium": 0.011125326156616211,
        "Location of the lesion": 0.00023055076599121094,
        "Grade 1": 0.0008905529975891113,
        "Grade 2": 0.0005584955215454102,
        "Suspicious for invasion": 0.0010464191436767578,
        "Aceto uptake": 0.028162837028503418,
        "Margins": 0.007567942142486572,
        "Vessels": 0.003031134605407715,
        "Lesion size": 0.008750498294830322,
        "Iodine uptake": 0.0039408206939697266,
        "SwedeFinal": 0.001859128475189209
    },
    "uncertainty": {
        "mean_prediction": 0.8534821331501007,
        "uncertainty": 0.08088386766799538,
        "confidence_interval": [
            0.6917143978141099,
            1.0152498684860913
        ]
    }
}